CustomerID,Title,FirstName,LastName
1,Mr.,Orlando,Gee
2,Mr.,Keith,Harris
3,Ms.,Donna,Carreras
4,Ms.,Janet,Gates
5,Mr.,Lucy,Harrington
6,Ms.,Rosmarie,Carroll
7,Mr.,Dominic,Gash
10,Ms.,Kathleen,Garza
11,Ms.,Katherine,Harding
12,Mr.,Johnny,Caprio
16,Mr.,Christopher,Beck
18,Mr.,David,Liu
19,Mr.,John,Beaver
20,Ms.,Jean,Handley
21,,Jinghao,Liu
22,Ms.,Linda,Burnett
23,Mr.,Kerim,Hanif
24,Mr.,Kevin,Liu
25,Mr.,Donald,Blanton
28,Ms.,Jackie,Blackwell
29,Mr.,Bryan,Hamilton
30,Mr.,Todd,Logan
34,Ms.,Barbara,German
37,Mr.,Jim,Geist
38,Ms.,Betty,Haines
39,Ms.,Sharon,Looney
40,Mr.,Darren,Gehring
41,Ms.,Erin,Hagens
42,Mr.,Jeremy,Los
43,Ms.,Elsa,Leavitt
46,Mr.,David,Lawrence
47,Ms.,Hattie,Haemon
48,Ms.,Anita,Lucerne
52,Ms.,Rebecca,Laszlo
55,Mr.,Eric,Lang
56,Mr.,Brian,Groth
57,Ms.,Judy,Lundahl
58,Mr.,Peter,Kurniawan
59,Mr.,Douglas,Groncki
60,Mr.,Sean,Lunt
61,Mr.,Jeffrey,Kurtz
64,Mr.,Vamsi,Kuppa
65,Ms.,Jane,Greer
66,Mr.,Alexander,Deborde
70,Mr.,Deepak,Kumar
73,Ms.,Margaret,Krupka
74,Mr.,Christopher,Bright
75,Ms.,Aidan,Delaney
76,Mr.,James,Krow
77,Mr.,Michael,Brundage
78,Mr.,Stefan,Delmarco
79,Mr.,Mitch,Kennedy
82,Mr.,James,Kramer
83,Mr.,Eric,Brumfield
84,Ms.,Della,Demott Jr
88,Ms.,Pamala,Kotc
91,Ms.,Joy,Koski
92,Ms.,Jovita,Carmody
93,Mr.,Prashanth,Desai
94,Mr.,Scott,Konersmann
95,Ms.,Jane,Carmichael
96,Ms.,Bonnie,Lepro
97,Mr.,Eugene,Kogan
100,Mr.,Kirk,King
101,Mr.,William,Conner
102,Ms.,Linda,Leste
106,Ms.,Andrea,Thomsen
109,Mr.,Daniel,Thompson
110,Ms.,Kendra,Thompson
111,Mr.,Scott,Colvin
112,Ms.,Elsie,Lewin
113,Mr.,Donald,Thompson
114,Mr.,John,Colon
115,Mr.,George,Li
118,Mr.,Yale,Li
119,Ms.,Phyllis,Thomas
120,Mr.,Pat,Coleman
124,Ms.,Yuhong,Li
127,Mr.,Joseph,Lique
128,Ms.,Judy,Thames
129,Ms.,Connie,Coffman
130,Mr.,Paulo,Lisboa
131,Ms.,Vanessa,Tench
132,Ms.,Teanna,Cobb
133,Mr.,Michael,Graff
136,Mr.,Derek,Graham
137,,Gytis,Barzdukas
138,Ms.,Jane,Clayton
142,Mr.,Jon,Grande
145,Mr.,Ted,Bremer
146,Mr.,Richard,Bready
147,Ms.,Alice,Clark
148,Mr.,Alan,Brewer
149,Mr.,Cornelius,Brandon
150,Ms.,Jill,Christie
151,Mr.,Walter,Brian
154,Mr.,Carlton,Carlisle
155,Mr.,Joseph,Castellucio
156,Mr.,Lester,Bowman
160,Ms.,Brigid,Cavendish
163,Mr.,Andrew,Cencini
164,Ms.,Cindy,Dodd
165,Mr.,Randall,Boseman
166,Ms.,Stacey,Cereghino
167,Mr.,Blaine,Dockter
168,Sr.,Luis,Bonifaz
169,Ms.,Brenda,Diaz
172,Ms.,Gabriele,Dickmann
173,Mr.,Rudolph,Dillon
174,Mr.,Michael,Bohling
178,Mr.,Dick,Dievendorff
180,Ms.,Nicky,Chesnut
181,Mr.,Michael,Lee
182,Mr.,Stanley,Alan
183,Mr.,Yao-Qiang,Cheng
184,Ms.,Marjorie,Lee
185,Mr.,Sandeep,Kaliyath
186,Mr.,Pei,Chow
187,Mr.,Frank,Campbell
190,Mr.,Mark,Lee
191,Ms.,Sandra,Kitt
192,Mr.,Hao,Chen
196,Ms.,Jolie,Lenehan
197,Ms.,Diane,Krane
198,Mr.,Payton,Benson
199,Mr.,Roger,Lengel
200,Ms.,Peggy,Justice
201,Ms.,Edna,Benson
202,,A.,Leonetti
203,Ms.,Jean,Jordan
204,Mr.,Ido,Ben-Sachar
205,Mr.,Frank,Mart¡nez
208,Mr.,Steve,Masters
209,Mr.,Robert,Jones
210,Mr.,Josh,Barnhill
214,Ms.,Jennifer,Maxham
217,Mr.,Chris,Maxwell
218,Mr.,David,Johnson
219,Mr.,Brian,Johnson
220,Mr.,Robert,Brown
221,Ms.,Sandra,Maynard
222,Mr.,Barry,Johnson
223,Ms.,Joyce,Jarvis
226,Ms.,Vance,Johns
227,Ms.,Robin,McGuigan
228,Ms.,Danielle,Johnson
232,Mr.,David,Jaffe
235,Ms.,Mary,Alexander
236,Ms.,Lola,McCarthy
237,Ms.,Mary,Browning
238,Ms.,Jodan,Jacobson
239,Ms.,Jane,McCarty
240,Mr.,Jessie,Valerio
241,Mr.,Eric,Jacobsen
244,Mr.,Bronson,Jacobs
245,Mr.,James,McCoy
246,Ms.,Esther,Valle
250,Ms.,Denean,Ison
253,Mr.,Erik,Ismert
254,Mr.,Robert,Bernacchi
255,Mr.,Sunil,Uppal
256,Mr.,Richard,Irwin
257,Mr.,Matthias,Berndt
258,Mr.,Sairaj,Uddin
259,Mr.,Lucio,Iallo
262,Ms.,Beth,Inghram
263,Mr.,Timothy,Burnett
264,Ms.,Phyllis,Tuffield
268,Mr.,Richard,Byham
271,Mr.,Jared,Bustamante
272,Mr.,Henry,Campen
273,Ms.,Christie,Trujillo
274,Ms.,Janet,Gilliat
275,Mr.,Chris,Cannon
276,Mr.,Michael John,Troyer
277,Mr.,Guy,Gilbert
280,Mr.,Frances,Giglio
281,Ms.,Suzana De Abreu,Canuto
282,Mr.,Billy,Trent
286,Mr.,Leo,Giakoumakis
287,Mr.,Grant,Culbertson
288,Mr.,Robert,Barker
289,Ms.,Gabriel,Bockenkamp
290,Mr.,Scott,Culp
291,Mr.,Wayne,Banack
292,Mr.,Michael,Blythe
293,Mr.,Conor,Cunningham
294,Mr.,Alberto,Baltazar
295,Mr.,Joseph,Mitzner
298,Mr.,Robert,Mitosinka
299,Mr.,Thierry,D'Hers
300,Mr.,Daniel,Blanco
304,Ms.,Linda,Mitchell
306,Mr.,Stephen,Ayers
307,Ms.,Neva,Mitchell
308,Ms.,Megan,Davis
309,Mr.,John,Arthur
310,Mr.,Frank,Miller
311,Sr.,Alvaro,De Matos Miranda Filho
312,Mr.,Thomas,Armstrong
313,Mr.,Dylan,Miller
316,Mr.,Ben,Miller
317,Mr.,Jacob,Dean
318,Ms.,Ann,Beebe
322,Mr.,Matthew,Miller
323,Mr.,Jo,Brown
325,Ms.,Virginia,Miller
326,Mr.,Scott,Gode
327,Ms.,Caroline,Vicknair
328,Mr.,Robert,Vessa
329,,Andreas,Berglund
330,Mr.,Mete,Goktepe
331,Ms.,Wanda,Vernon
334,Ms.,Dora,Verdad
335,Mr.,John,Berger
336,Mr.,Brian,Goldstein
340,Mr.,Raja,Venugopal
343,Ms.,Patricia,Vasquez
344,Ms.,Karren,Burkhardt
345,Ms.,Abigail,Gonzalez
346,Mr.,Ranjit,Varkey Chudukatil
347,Ms.,Ingrid,Burkhardt
348,Mr.,Oscar,Alpuerto
349,Mr.,Gary,Vargas
352,Mr.,Shane,Kim
353,Ms.,Joan,Campbell
354,Mr.,Maxwell,Amland
358,Mr.,Joe,Kim
360,Ms.,Ramona,Antrim
361,Ms.,Karan,Khanna
362,Ms.,Sharon,Crow
363,Mr.,Chris,Ashton
364,Mr.,Imtiaz,Khan
365,Mr.,Jack,Creasey
366,Ms.,Teresa,Atkinson
367,Ms.,Tammy,Khan
370,Ms.,Elizabeth,Keyser
371,Mr.,Bruno,Costa Da Silva
372,Ms.,Katherine,Swan
376,Ms.,Mary,Kesslep
377,Mr.,Marlin,Coriell
379,Mr.,Kevin,Kennedy
380,Ms.,Eva,Corets
381,Ms.,Julie,Taft-Rider
382,Mr.,Robert,Kelly
383,Mr.,Scott,Cooper
384,Mr.,Clarence,Tatman
385,Mr.,John,Kelly
388,Mr.,Victor,Kelley
389,Ms.,Dorothy,Contreras
390,Mr.,Mike,Taylor
394,Ms.,Bonnie,Kearney
395,Ms.,June,Brunner
397,Mr.,Sandeep,Katyal
398,Ms.,Shirley,Bruner
399,Mr.,Chad,Tedford
400,Mr.,Peter,Houston
401,Mr.,Tom,Johnston
402,Ms.,Marian,Berch
403,Ms.,Juanita,Holman
406,Mr.,Eddie,Holmes
407,Mr.,Robert,Avalos
408,Mr.,Alexander,Berger
412,Ms.,Jean,Holloway
415,Mr.,Greg,Chapman
416,Ms.,Angela,Barbariol
417,Ms.,Ruth,Choin
418,Mr.,Lee,Chapla
419,Mr.,Darrell,Banks
420,Mr.,Anthony,Chor
421,Mr.,Forrest,Chandler
424,Mr.,Eli,Bowen
425,Mr.,Stephen,Jiang
426,Mr.,Dirk,Bruno
430,Sr.,Gustavo,Camargo
431,Mr.,Douglas,Baldwin
433,Ms.,Lindsey,Camacho
434,Mr.,James,Bailey
435,Ms.,Carol,Elliott
436,Ms.,Barbara,Calone
437,Ms.,Megan,Burke
438,Mr.,Cory,Booth
439,Ms.,Shannon,Elliott
442,Ms.,Jauna,Elson
443,Sra.,Janaina Barreiro Gambaro,Bueno
444,Mr.,Shaun,Beasley
448,Mr.,Terry,Eminhizer
451,Mr.,John,Emory
452,Ms.,Olga,Trau
453,Mr.,Jon,Ganio
454,Ms.,Gail,Erickson
455,Mr.,James,Tran
456,Mr.,Michael,Galos
457,Mr.,Mark,Erickson
460,Ms.,Martha,Espinoza
461,Mr.,Glenn,Track
462,Mr.,Bob,Gage
466,Sra.,Janeth,Esteves
468,Mr.,Paul,Fulton
469,Ms.,Twanna,Evans
470,Ms.,Delia,Toone
471,Mr.,John,Ford
472,Ms.,Ann,Evans
473,Ms.,Kay,Krane
474,Mr.,Mihail,Frintu
475,Mr.,John,Evans
478,Ms.,Ruby Sue,Styles
479,Ms.,Lori,Kane
480,Ms.,Susan,French
484,Mr.,Gary,Suess
487,Ms.,Ruth,Suffin
488,Ms.,Margaret,Smith
489,Ms.,Dorothy,Fox
490,Ms.,Elizabeth,Sullivan
491,Ms.,Frances,Adams
492,Mr.,Garth,Fort
493,Mr.,Michael,Sullivan
496,Ms.,Marcia,Sultan
497,Ms.,Amy,Alberts
498,Ms.,Kelly,Focht
502,Mr.,Krishna,Sunkammurali
504,Ms.,Mae,Black
505,Mr.,Brad,Sutton
506,Mr.,François,Ferrier
507,Mr.,Mary,Bishop
508,Mr.,Martin,Svoboda
509,Mr.,Robert,Ahlering
510,Mr.,Jimmy,Bischoff
511,Mr.,Abraham,Swearengin
514,Mr.,Ryan,Calafato
515,Mr.,Dragan,Tomic
516,Mr.,Thomas,Michaels
520,Ms.,Mari,Caldwell
523,Ms.,Mary,Gimmi
526,Mr.,David,Givens
527,Ms.,Diane,Tibbott
528,Ms.,Helen,Meyer
529,Ms.,Jeanie,Glenn
532,Ms.,Diane,Glimp
533,Ms.,Yuping,Tian
534,Mr.,Stephen,Mew
538,Mr.,John,Brooks
541,Mr.,Willie,Brooks
542,Mr.,Andrew,Kobylinski
543,Mr.,R. Morgan,Mendoza
544,Mr.,Jay,Adams
545,Mr.,Christian,Kleinerman
546,Mr.,Anton,Kirilov
547,Ms.,Gladys,Mendiola
550,Ms.,Raquel,Mello
551,Mr.,Samuel,Agcaoili
552,Mr.,Tim,Kim
556,Ms.,Nancy,McPhearson
559,Ms.,Nkenge,McLin
560,Mr.,Paul,Alcorn
561,Mr.,Marvin,Allen
562,Ms.,Yvonne,McKay
563,Mr.,Sean,Jacobson
564,Ms.,Michelle,Alexander
565,Mr.,Richard,Bentley
568,Mr.,Curtis,Howard
569,Mr.,Cecil,Allison
570,Mr.,Gregory,Alderson
574,Ms.,Janice,Hows
577,Mr.,George,Huckaby
578,Ms.,Carolyn,Farino
579,Ms.,Kim,Abercrombie
580,Mr.,Joshua,Huff
581,Ms.,Geri,Farrell
582,Ms.,Catherine,Abel
583,Ms.,Laura,Steele
586,Ms.,Shanay,Steelman
587,Ms.,Rhoda,Finley
588,Mr.,Pat,Chambers
592,Mr.,Stefano,Stefani
595,Mr.,Alan,Steiner
596,Ms.,Kathie,Flood
597,Mr.,Bob,Hodges
598,Mr.,Derik,Stenerson
599,Mr.,Raul,Casts
600,Ms.,Holly,Holt
601,Mr.,Vassar,Stern
604,Ms.,Wathalee,Steuber
605,Mr.,Matthew,Cavallari
606,Ms.,Helge,Hoeing
607,Ms.,Alice,Steiner
608,Mr.,Steven,Brown
609,Mr.,David,Hodgson
610,Ms.,Liza Marie,Stevens
613,Mr.,Jim,Stewart
617,Ms.,Arlene,Huff
620,Mr.,Matthew,Hunter
621,Mr.,Matthew,Hink
622,Mr.,Robert,Stotka
623,Ms.,Phyllis,Huntsman
624,Mr.,Mike,Hines
625,Ms.,Kayla,Stotler
626,Mr.,Lawrence,Hurkett
629,Mr.,Ryan,Ihrig
630,Mr.,Andrew,Hill
631,Mr.,Robert,Lyeba
635,Mr.,Roger,Van Houten
637,Mr.,Robert,Lyon
641,Ms.,Rose,Vandenouer
643,Ms.,Denise,Maccietto
644,Mr.,Gregory,Vanderbout
645,Mr.,Ronald,Heymsfield
646,Mr.,Scott,MacDonald
647,Mr.,Michael,Vanderhyde
648,Ms.,Cheryl,Herring
649,Mr.,Walter,Mays
650,Ms.,Margaret,Vanderkamp
653,Ms.,Kara,Vanderlinden
654,Mr.,Jésus,Hernandez
655,Ms.,Irene,Hernandez
659,Mr.,Ajay,Manchepalli
660,Mr.,Nieves,Vargas
661,Mr.,Kari,Hensien
665,Mr.,Tomas,Manzanares
668,Ms.,Kathy,Marcovecchio
669,Ms.,Patricia,Doyle
670,Ms.,Valerie,Hendricks
671,Ms.,Jill,Markwood
672,Mr.,Gerald,Drury
673,Mr.,John,Hanson
674,Ms.,Melissa,Marple
677,Ms.,Cecelia,Marshall
678,Mr.,Reuben,D'sa
679,Ms.,Brenda,Heaney
683,Ms.,Linda,Martin
685,Mr.,James,Haugh
689,Ms.,Sandra,Martinez
692,Ms.,Bev,Desalvo
693,Mr.,Bart,Duncan
694,Ms.,Ann,Hass
695,Mr.,Rob,Caron
696,Mr.,Maciej,Dusza
697,Mr.,Roger,Harui
698,Mr.,Andy,Carothers
701,Ms.,Linda,Ecoffey
29485,Ms.,Catherine,Abel
29486,Ms.,Kim,Abercrombie
29489,Ms.,Frances,Adams
29490,Ms.,Margaret,Smith
29492,Mr.,Jay,Adams
29494,Mr.,Samuel,Agcaoili
29496,Mr.,Robert,Ahlering
29497,Mr.,François,Ferrier
29499,Ms.,Amy,Alberts
29502,Mr.,Paul,Alcorn
29503,Mr.,Gregory,Alderson
29505,Ms.,Michelle,Alexander
29506,Mr.,Sean,Jacobson
29508,Mr.,Marvin,Allen
29510,Mr.,Cecil,Allison
29511,Mr.,Oscar,Alpuerto
29515,Mr.,Maxwell,Amland
29517,Ms.,Ramona,Antrim
29521,Mr.,Tom,Johnston
29522,Mr.,Thomas,Armstrong
29523,Mr.,John,Arthur
29524,Mr.,Chris,Ashton
29525,Ms.,Teresa,Atkinson
29527,Mr.,Robert,Avalos
29528,Mr.,Stephen,Ayers
29530,Mr.,Daniel,Blanco
29531,Mr.,Cory,Booth
29532,Mr.,James,Bailey
29533,Mr.,Douglas,Baldwin
29535,Mr.,Wayne,Banack
29536,Mr.,Robert,Barker
29539,Mr.,Josh,Barnhill
29541,,Gytis,Barzdukas
29544,Mr.,Shaun,Beasley
29545,Mr.,John,Beaver
29546,Mr.,Christopher,Beck
29548,Ms.,Ann,Beebe
29550,Mr.,Stanley,Alan
29553,Ms.,Edna,Benson
29554,Mr.,Payton,Benson
29557,Mr.,Alexander,Berger
29558,Mr.,John,Berger
29559,Mr.,Robert,Bernacchi
29560,Mr.,Matthias,Berndt
29562,Mr.,Steven,Brown
29565,Mr.,Jimmy,Bischoff
29566,Ms.,Mae,Black
29567,Ms.,Jackie,Blackwell
29568,Mr.,Donald,Blanton
29569,Ms.,Linda,Burnett
29570,Mr.,Michael,Blythe
29571,Ms.,Gabriel,Bockenkamp
29573,Sr.,Luis,Bonifaz
29574,Mr.,Randall,Boseman
29576,Mr.,Eli,Bowen
29577,Mr.,Lester,Bowman
29579,Mr.,Cornelius,Brandon
29580,Mr.,Richard,Bready
29582,Mr.,Ted,Bremer
29583,Mr.,Alan,Brewer
29584,Mr.,Walter,Brian
29585,Mr.,Christopher,Bright
29587,Mr.,John,Brooks
29588,Mr.,Willie,Brooks
29590,Mr.,Jo,Brown
29591,Mr.,Robert,Brown
29593,Ms.,Mary,Browning
29596,Mr.,Eric,Brumfield
29598,Mr.,Michael,Brundage
29599,Ms.,Shirley,Bruner
29600,Ms.,June,Brunner
29601,Mr.,Dirk,Bruno
29603,Sra.,Janaina Barreiro Gambaro,Bueno
29605,Ms.,Megan,Burke
29606,Ms.,Karren,Burkhardt
29608,Mr.,Timothy,Burnett
29611,Mr.,Jared,Bustamante
29612,Mr.,Richard,Byham
29614,Mr.,Ryan,Calafato
29615,Ms.,Mari,Caldwell
29616,Ms.,Barbara,Calone
29617,Ms.,Lindsey,Camacho
29618,Sr.,Gustavo,Camargo
29620,Ms.,Joan,Campbell
29622,Mr.,Henry,Campen
29623,Mr.,Chris,Cannon
29625,Ms.,Suzana De Abreu,Canuto
29627,Mr.,Johnny,Caprio
29629,Mr.,Carlton,Carlisle
29631,Ms.,Jane,Carmichael
29632,Ms.,Jovita,Carmody
29635,Mr.,Rob,Caron
29636,Mr.,Andy,Carothers
29637,Ms.,Donna,Carreras
29638,Ms.,Rosmarie,Carroll
29639,Mr.,Joseph,Castellucio
29641,Mr.,Raul,Casts
29643,Mr.,Matthew,Cavallari
29644,Ms.,Brigid,Cavendish
29645,Mr.,Andrew,Cencini
29646,Ms.,Stacey,Cereghino
29649,Mr.,Pat,Chambers
29650,Mr.,Forrest,Chandler
29651,Mr.,Lee,Chapla
29653,Mr.,Pei,Chow
29654,Mr.,Yao-Qiang,Cheng
29655,Ms.,Nicky,Chesnut
29659,Ms.,Ruth,Choin
29660,Mr.,Anthony,Chor
29662,Ms.,Jill,Christie
29663,Ms.,Alice,Clark
29666,Ms.,Jane,Clayton
29668,Ms.,Connie,Coffman
29671,Mr.,Pat,Coleman
29673,Mr.,John,Colon
29674,Mr.,Scott,Colvin
29677,Mr.,William,Conner
29680,Ms.,Dorothy,Contreras
29682,Mr.,Scott,Cooper
29683,Ms.,Eva,Corets
29684,Mr.,Marlin,Coriell
29686,Mr.,Jack,Creasey
29688,Mr.,Grant,Culbertson
29689,Mr.,Scott,Culp
29690,Mr.,Conor,Cunningham
29692,Mr.,Thierry,D'Hers
29695,Ms.,Megan,Davis
29696,Sr.,Alvaro,De Matos Miranda Filho
29698,Mr.,Jacob,Dean
29699,Mr.,Alexander,Deborde
29702,Ms.,Aidan,Delaney
29703,Mr.,Stefan,Delmarco
29705,Ms.,Della,Demott Jr
29708,Mr.,Prashanth,Desai
29709,Ms.,Bev,Desalvo
29710,Ms.,Brenda,Diaz
29711,Ms.,Gabriele,Dickmann
29713,Mr.,Dick,Dievendorff
29714,Mr.,Rudolph,Dillon
29716,Mr.,Blaine,Dockter
29717,Ms.,Cindy,Dodd
29719,Ms.,Patricia,Doyle
29720,Mr.,Gerald,Drury
29722,Mr.,Reuben,D'sa
29727,Mr.,Bart,Duncan
29728,Mr.,Maciej,Dusza
29730,Ms.,Linda,Ecoffey
29732,Ms.,Carol,Elliott
29733,Ms.,Shannon,Elliott
29734,Ms.,Jauna,Elson
29736,Mr.,Terry,Eminhizer
29737,Mr.,John,Emory
29738,Ms.,Gail,Erickson
29739,Mr.,Mark,Erickson
29740,Ms.,Martha,Espinoza
29741,Sra.,Janeth,Esteves
29742,Ms.,Twanna,Evans
29743,Ms.,Ann,Evans
29744,Mr.,John,Evans
29747,Ms.,Carolyn,Farino
29748,Ms.,Geri,Farrell
29750,Ms.,Rhoda,Finley
29753,Ms.,Kathie,Flood
29755,Ms.,Kelly,Focht
29757,Mr.,Garth,Fort
29758,Ms.,Dorothy,Fox
29761,Ms.,Susan,French
29763,Mr.,Mihail,Frintu
29764,Mr.,John,Ford
29765,Mr.,Paul,Fulton
29766,Mr.,Bob,Gage
29768,Mr.,Michael,Galos
29769,Mr.,Jon,Ganio
29770,Ms.,Kathleen,Garza
29771,Mr.,Dominic,Gash
29772,Ms.,Janet,Gates
29773,Mr.,Orlando,Gee
29774,Mr.,Darren,Gehring
29775,Mr.,Jim,Geist
29776,Ms.,Barbara,German
29778,Mr.,Leo,Giakoumakis
29780,Mr.,Frances,Giglio
29781,Mr.,Guy,Gilbert
29782,Ms.,Janet,Gilliat
29783,Ms.,Mary,Gimmi
29784,Ms.,Jeanie,Glenn
29785,Ms.,Diane,Glimp
29787,Mr.,Scott,Gode
29788,Mr.,Mete,Goktepe
29789,Mr.,Brian,Goldstein
29792,Ms.,Abigail,Gonzalez
29793,Mr.,Michael,Graff
29794,Mr.,Derek,Graham
29796,Mr.,Jon,Grande
29797,Ms.,Jane,Greer
29799,Mr.,Douglas,Groncki
29800,Mr.,Brian,Groth
29803,Ms.,Hattie,Haemon
29805,Ms.,Erin,Hagens
29806,Ms.,Betty,Haines
29807,Mr.,Bryan,Hamilton
29809,Mr.,Kerim,Hanif
29810,Ms.,Jean,Handley
29813,Ms.,Katherine,Harding
29815,Mr.,Lucy,Harrington
29816,Mr.,Keith,Harris
29818,Mr.,Roger,Harui
29819,Ms.,Ann,Hass
29822,Mr.,James,Haugh
29824,Ms.,Brenda,Heaney
29826,Mr.,John,Hanson
29827,Ms.,Valerie,Hendricks
29830,Mr.,Kari,Hensien
29831,Ms.,Irene,Hernandez
29832,Mr.,Jésus,Hernandez
29834,Ms.,Cheryl,Herring
29835,Mr.,Ronald,Heymsfield
29840,Mr.,Andrew,Hill
29842,Mr.,Mike,Hines
29843,Mr.,Matthew,Hink
29847,Mr.,David,Hodgson
29848,Ms.,Helge,Hoeing
29850,Mr.,Bob,Hodges
29851,Ms.,Jean,Holloway
29852,Mr.,Eddie,Holmes
29853,Ms.,Juanita,Holman
29854,Mr.,Peter,Houston
29855,Mr.,Curtis,Howard
29857,Ms.,Janice,Hows
29858,Mr.,George,Huckaby
29859,Mr.,Joshua,Huff
29860,Ms.,Arlene,Huff
29861,Ms.,Phyllis,Huntsman
29862,Mr.,Lawrence,Hurkett
29863,Mr.,Ryan,Ihrig
29864,Ms.,Beth,Inghram
29865,Mr.,Lucio,Iallo
29866,Mr.,Richard,Irwin
29867,Mr.,Erik,Ismert
29868,Ms.,Denean,Ison
29870,Mr.,Bronson,Jacobs
29871,Mr.,Eric,Jacobsen
29872,Ms.,Jodan,Jacobson
29873,Ms.,Mary,Alexander
29874,Mr.,David,Jaffe
29876,Ms.,Vance,Johns
29877,Ms.,Joyce,Jarvis
29879,Mr.,Stephen,Jiang
29881,Ms.,Danielle,Johnson
29883,Mr.,Barry,Johnson
29884,Mr.,Brian,Johnson
29885,Mr.,David,Johnson
29889,Ms.,Jean,Jordan
29890,Ms.,Peggy,Justice
29891,Ms.,Diane,Krane
29892,Ms.,Sandra,Kitt
29893,Mr.,Sandeep,Kaliyath
29895,Ms.,Lori,Kane
29897,Ms.,Kay,Krane
29898,Mr.,Sandeep,Katyal
29900,Mr.,Victor,Kelley
29901,Mr.,John,Kelly
29902,Mr.,Robert,Kelly
29903,Mr.,Kevin,Kennedy
29904,Ms.,Mary,Kesslep
29905,Ms.,Elizabeth,Keyser
29906,Mr.,Imtiaz,Khan
29907,Ms.,Karan,Khanna
29908,Mr.,Joe,Kim
29910,Mr.,Shane,Kim
29911,Mr.,Tim,Kim
29913,Mr.,Anton,Kirilov
29914,Mr.,Christian,Kleinerman
29915,Mr.,Andrew,Kobylinski
29918,Mr.,Kirk,King
29919,Mr.,Eugene,Kogan
29920,Mr.,Scott,Konersmann
29921,Ms.,Joy,Koski
29922,Ms.,Pamala,Kotc
29924,Mr.,Mitch,Kennedy
29925,Ms.,Margaret,Krupka
29926,Mr.,Deepak,Kumar
29928,Mr.,Vamsi,Kuppa
29929,Mr.,Jeffrey,Kurtz
29930,Mr.,Peter,Kurniawan
29931,Mr.,Eric,Lang
29932,Ms.,Rebecca,Laszlo
29934,Mr.,David,Lawrence
29935,Ms.,Elsa,Leavitt
29936,Mr.,Michael,Lee
29937,Ms.,Marjorie,Lee
29938,Mr.,Frank,Campbell
29939,Mr.,Mark,Lee
29941,Ms.,Jolie,Lenehan
29942,Mr.,Roger,Lengel
29943,,A.,Leonetti
29944,Ms.,Bonnie,Lepro
29946,Ms.,Linda,Leste
29948,Ms.,Elsie,Lewin
29949,Mr.,George,Li
29950,Mr.,Yale,Li
29952,Ms.,Yuhong,Li
29953,Mr.,Joseph,Lique
29954,Mr.,Paulo,Lisboa
29955,Mr.,David,Liu
29956,,Jinghao,Liu
29957,Mr.,Kevin,Liu
29959,Mr.,Todd,Logan
29962,Ms.,Sharon,Looney
29964,Ms.,Anita,Lucerne
29967,Ms.,Judy,Lundahl
29969,Mr.,Robert,Lyeba
29971,Mr.,Robert,Lyon
29973,Ms.,Denise,Maccietto
29974,Mr.,Scott,MacDonald
29975,Mr.,Walter,Mays
29978,Mr.,Ajay,Manchepalli
29980,Mr.,Tomas,Manzanares
29981,Ms.,Kathy,Marcovecchio
29982,Ms.,Melissa,Marple
29983,Ms.,Cecelia,Marshall
29985,Ms.,Linda,Martin
29987,Mr.,Frank,Mart¡nez
29988,Mr.,Steve,Masters
29990,Ms.,Jennifer,Maxham
29991,Mr.,Chris,Maxwell
29992,Ms.,Sandra,Maynard
29994,Ms.,Robin,McGuigan
29997,Ms.,Lola,McCarthy
29998,Ms.,Jane,McCarty
30000,Mr.,James,McCoy
30003,Ms.,Yvonne,McKay
30004,Ms.,Nkenge,McLin
30005,Ms.,Nancy,McPhearson
30007,Ms.,Raquel,Mello
30008,Mr.,R. Morgan,Mendoza
30010,Mr.,Stephen,Mew
30012,Ms.,Helen,Meyer
30016,Mr.,Thomas,Michaels
30018,Ms.,Virginia,Miller
30019,Mr.,Matthew,Miller
30021,Mr.,Ben,Miller
30022,Mr.,Dylan,Miller
30023,Mr.,Frank,Miller
30024,Ms.,Neva,Mitchell
30025,Ms.,Linda,Mitchell
30027,Mr.,Joseph,Mitzner
30028,Ms.,Laura,Steele
30029,Ms.,Shanay,Steelman
30030,Mr.,Stefano,Stefani
30031,Mr.,Alan,Steiner
30032,Mr.,Derik,Stenerson
30033,Mr.,Vassar,Stern
30034,Ms.,Wathalee,Steuber
30035,Ms.,Alice,Steiner
30036,Ms.,Liza Marie,Stevens
30037,Mr.,Jim,Stewart
30039,Mr.,Robert,Stotka
30040,Ms.,Kayla,Stotler
30042,Ms.,Ruby Sue,Styles
30044,Mr.,Gary,Suess
30045,Ms.,Ruth,Suffin
30046,Ms.,Elizabeth,Sullivan
30047,Mr.,Michael,Sullivan
30048,Ms.,Marcia,Sultan
30050,Mr.,Krishna,Sunkammurali
30051,Mr.,Brad,Sutton
30052,Mr.,Abraham,Swearengin
30053,Ms.,Katherine,Swan
30055,Ms.,Julie,Taft-Rider
30056,Mr.,Clarence,Tatman
30058,Mr.,Mike,Taylor
30061,Mr.,Chad,Tedford
30063,Ms.,Vanessa,Tench
30064,Ms.,Judy,Thames
30067,Ms.,Phyllis,Thomas
30069,Mr.,Donald,Thompson
30070,Ms.,Kendra,Thompson
30071,Mr.,Daniel,Thompson
30072,Ms.,Andrea,Thomsen
30074,Ms.,Yuping,Tian
30076,Ms.,Diane,Tibbott
30080,Ms.,Delia,Toone
30083,Mr.,Glenn,Track
30087,Mr.,Billy,Trent
30089,Mr.,Michael John,Troyer
30090,Ms.,Christie,Trujillo
30093,Ms.,Phyllis,Tuffield
30094,Mr.,Sairaj,Uddin
30095,Mr.,Sunil,Uppal
30098,Ms.,Esther,Valle
30100,Mr.,Jessie,Valerio
30102,Mr.,Roger,Van Houten
30104,Ms.,Rose,Vandenouer
30105,Mr.,Gregory,Vanderbout
30106,Mr.,Michael,Vanderhyde
30107,Ms.,Margaret,Vanderkamp
30108,Ms.,Kara,Vanderlinden
30109,Mr.,Nieves,Vargas
30110,Mr.,Gary,Vargas
30111,Mr.,Ranjit,Varkey Chudukatil
30112,Ms.,Patricia,Vasquez
30113,Mr.,Raja,Venugopal
30115,Ms.,Dora,Verdad
30116,Ms.,Wanda,Vernon
30117,Mr.,Robert,Vessa
30118,Ms.,Caroline,Vicknair
